Beyond The Portal,Helloween,01:00,The Dark Ride,2000
Mr. Torture,Helloween,03:35,The Dark Ride,2000
Mirror Mirror,Helloween,03:55,The Dark Ride,2000
The Departed (Sun Is Going Down),Helloween,04:40,The Dark Ride,2000
I Live For Your Pain,Helloween,04:12,The Dark Ride,2000
If I Could Fly,Helloween,04:25,The Dark Ride,2000
Immortal,Helloween,04:30,The Dark Ride,2000
We Damn The Night,Helloween,04:10,The Dark Ride,2000
Escalation 666,Helloween,04:42,The Dark Ride,2000
The Dark Ride,Helloween,09:00,The Dark Ride,2000
Prenderemos fuego al cielo,Francisca Valenzuela,4:29,Tajo Abierto,2015
No esperen mi regreso,Francisca Valenzuela,4:31,Tajo Abierto,2015
Perfume de tu piel,Francisca Valenzuela,3:55,Tajo Abierto,2015
Siempre eres tu,Francisca Valenzuela,4:49,Tajo Abierto,2015
Catedral,Francisca Valenzuela,4:29,Tajo Abierto,2015
Almost Superstar,Francisca Valenzuela,3:57,Tajo Abierto,2015
Estremecer,Francisca Valenzuela,3:49,Tajo Abierto,2015
Armadura,Francisca Valenzuela,4:07,Tajo Abierto,2015
Insulto,Francisca Valenzuela,4:23,Tajo Abierto,2015
Cuequita del corazon,Francisca Valenzuela,4:10,Tajo Abierto,2015
Tajo abierto,Francisca Valenzuela,4:10,Tajo Abierto,2015
Rehab,Amy Winehouse,03:34,Back to Black,2006
You Know I'm No Good,Amy Winehouse,04:17,Back to Black,2006
Me & Mr. Jones,Amy Winehouse,02:33,Back to Black,2006
Just Friends,Amy Winehouse,03:13,Back to Black,2006
Back to Black,Amy Winehouse,04:01,Back to Black,2006
Love Is a Losing Game,Amy Winehouse,02:35,Back to Black,2006
Tears Dry on Their Own,Amy Winehouse,03:06,Back to Black,2006
Wake up Alone,Amy Winehouse,03:42,Back to Black,2006
Some Unholy War,Amy Winehouse,02:22,Back to Black,2006
He Can Only Hold Her,Amy Winehouse,04:20,Back to Black,2006
Addicted,Amy Winehouse,02:45,Back to Black,2006
Amanecer,Bomba Estereo,4:08,Amanecer,2012
Caderas,Bomba Estereo,2:55,Amanecer,2012
Somos dos,Bomba Estereo,3:59,Amanecer,2012
Soy yo,Bomba Estereo,2:39,Amanecer,2012
Fiesta,Bomba Estereo,3:39,Amanecer,2012
Voy,Bomba Estereo,3:16,Amanecer,2012
Algo esta cambiando,Bomba Estereo,4:29,Amanecer,2012
Mar (Lo Que Siento),Bomba Estereo,3:49,Amanecer,2012
To my love,Bomba Estereo,3:59,Amanecer,2012
SÃ³lo tu,Bomba Estereo,4:14,Amanecer,2012
Raiz,Bomba Estereo,3:38,Amanecer,2012
#9 Dream,John Lennon,02:18,-,0
(Don't Fear) The Reaper,Blue Oyster Cult,03:28,-,0
(I Can't Get No) Satisfaction,Rolling Stones,02:15,-,0
(I Just) Died in Your Arms,Cutting Crew,02:21,-,0
(Oh) Pretty Woman,Van Halen,02:47,-,0
(Sittin' On) The Dock of the Bay,Otis Redding,02:44,-,0
(You Can Still) Rock in America,Night Ranger,02:40,-,0
(You Gotta) Fight for Your Right (To Party),Beastie Boys,02:02,-,0
18 And Life,Skid Row,02:55,-,0
1979,Smashing Pumpkins,02:32,-,0
1984/jump,Van Halen,03:14,-,0
19th Nervous Breakdown,Rolling Stones,03:10,-,0
2112: Overture / The Temples of Syrinx (Chronicles Version),Rush,03:15,-,0
25 Or 6 To 4,Chicago,02:34,-,0
30 Days In the Hole,Humble Pie,02:47,-,0
45,Shinedown,02:37,-,0
5:15,The Who,02:25,-,0
50 Ways to Leave Your Lover,Paul Simon,03:24,-,0
867-5309 / Jenny,Tommy Tutone,02:21,-,0
A Day In The Life,The Beatles,03:08,-,0
A Girl Like You,The Smithereens,03:14,-,0
A Hard Day's Night,The Beatles,03:10,-,0
A Horse With No Name,America,02:06,-,0
A Life Of Illusion,Joe Walsh,03:09,-,0
A Salty Dog,Procol Harum,02:49,-,0
A Trick of the Tail,Genesis,02:11,-,0
A Whiter Shade of Pale,Procol Harum,03:06,-,0
A Woman In Love,Tom Petty & The Heartbreakers,02:13,-,0
Abacab,Genesis,02:55,-,0
About a Girl,Nirvana,02:33,-,0
Abracadabra,Steve Miller Band,02:15,-,0
Across The Universe,The Beatles,02:03,-,0
Addicted to Love,Robert Palmer,02:16,-,0
AFRICA,Toto,02:19,-,0
After Midnight,Eric Clapton,02:37,-,0
Against The Wind,Bob Seger,02:56,-,0
Ah! Leah!,Donnie Iris,03:05,-,0
AIN'T NO SUNSHINE,Bill Withers,02:42,-,0
Ain't Talkin' 'bout Love,Van Halen,02:58,-,0
Ain't Too Proud to Beg,Rolling Stones,02:21,-,0
Ain't Wastin' Time No More,Allman Brothers Band,02:42,-,0
Alison,Elvis Costello,02:17,-,0
Alive,Pearl Jam,02:20,-,0
All Along the Watchtower,Jimi Hendrix,02:13,-,0
All Apologies,Nirvana,02:43,-,0
All Day And All Of The Night,The Kinks,03:27,-,0
All My Life,Foo Fighters,02:22,-,0
All My Love,Led Zeppelin,02:19,-,0
All My Loving,The Beatles,02:59,-,0
All Night Long,Joe Walsh,03:20,-,0
All Right Now,Free,02:35,-,0
All She Wants to Do Is Dance,Don Henley,02:40,-,0
All Star,Smash Mouth,02:43,-,0
All Summer Long,Kid Rock,03:08,-,0
All The Girls Love Alice,Elton John,02:43,-,0
All the Small Things,Blink-182,02:28,-,0
All the Young Dudes,Mott the Hoople,02:55,-,0
All You Need Is Love,The Beatles,02:15,-,0
ALL YOU ZOMBIES,Hooters,02:59,-,0
Allentown,Billy Joel,02:05,-,0
Almost Hear You Sigh,Rolling Stones,03:23,-,0
Alone,Heart,02:18,-,0
Already Gone,Eagles,02:44,-,0
Amanda,Boston,02:04,-,0
American Girl,Tom Petty & The Heartbreakers,02:22,-,0
American Pie,Don McLean,02:17,-,0
Analog Man,Joe Walsh,02:35,-,0
And She Was,Talking Heads,02:38,-,0
And the Cradle Will Rock...,Van Halen,02:11,-,0
AND WE DANCED,Hooters,02:40,-,0
And Your Bird Can Sing,The Beatles,03:05,-,0
Angel,Jimi Hendrix,02:22,-,0
Angel Of Harlem,U2,03:15,-,0
Angie,Rolling Stones,03:20,-,0
Animal,Def Leppard,02:04,-,0
Another Brick In The Wall,Pink Floyd,03:23,-,0
Another One Bites the Dust,Queen,02:24,-,0
Another Rainy Night,Queensryche,03:07,-,0
Any Colour You Like,Pink Floyd,03:22,-,0
Any Way You Want It,Journey,02:10,-,0
ANYTIME AT ALL,The Beatles,02:31,-,0
Apeman,The Kinks,02:11,-,0
Aqualung,Jethro Tull,02:28,-,0
Are You Experienced?,Jimi Hendrix,03:02,-,0
Are You Gonna Be My Girl,Jet,02:12,-,0
Are You Gonna Go My Way,Lenny Kravitz,03:06,-,0
Are You Receiving Me,Golden Earring,02:56,-,0
Armageddon It,Def Leppard,02:22,-,0
Arnold Layne,Pink Floyd,02:29,-,0
Arrested For Driving While Blind,ZZ Top,02:17,-,0
Art For Arts Sake,10cc,03:20,-,0
Astronomy Domine,Pink Floyd,02:10,-,0
Athena,The Who,03:13,-,0
Atlantic City,Bruce Springsteen,02:03,-,0
Authority Song,John Mellencamp,02:12,-,0
Axel F Theme,Harold Faltermeyer,02:06,-,0
Baba O'Reilly,The Who,03:12,-,0
Babe I'm Gonna Leave You,Led Zeppelin,03:11,-,0
Baby Hold On,Eddie Money,02:34,-,0
Baby You're A Rich Man,The Beatles,02:29,-,0
Back Door Man,The Doors,02:19,-,0
Back In Black,AC/DC,02:18,-,0
Back In the High Life Again,Steve Winwood,02:33,-,0
Back in the Saddle,Aerosmith,03:07,-,0
Back In the U.S.S.R.,The Beatles,02:56,-,0
Back Off Boogaloo,Ringo Starr,02:53,-,0
Back On The Chain Gang,The Pretenders,03:04,-,0
Backstreets,Bruce Springsteen,02:38,-,0
Bad,U2,02:25,-,0
BAD BOY,The Beatles,02:06,-,0
Bad Case Of Lovin' You,Robert Palmer,02:36,-,0
Bad Love,Eric Clapton,02:17,-,0
Bad Medicine,Bon Jovi,02:21,-,0
Bad Moon Rising,Creedence Clearwater Revival,02:34,-,0
Bad Motor Scooter,Montrose,02:53,-,0
Bad Reputation,Joan Jett,02:55,-,0
Bad Time,Grand Funk Railroad,03:11,-,0
Bad to the Bone,George Thorogood,02:04,-,0
Badge,Cream,03:10,-,0
Badlands,Bruce Springsteen,03:25,-,0
Baker Street,Gerry Rafferty,02:26,-,0
Ballroom Blitz,Sweet,02:15,-,0
Band on the Run,Paul McCartney & Wings,02:42,-,0
Bang a Gong (Get It On),T. Rex,02:06,-,0
Bang the Drum All Day,Todd Rundgren,02:04,-,0
Bargain,The Who,02:49,-,0
Bark At The Moon,Ozzy Osbourne,03:19,-,0
Barracuda,Heart,02:09,-,0
Basket Case,Green Day,02:58,-,0
Beast Of Burden,Rolling Stones,03:30,-,0
Beautiful Day,U2,03:22,-,0
Beautiful Girls,Van Halen,03:15,-,0
Beds Are Burning,Midnight Oil,03:00,-,0
Been Caught Stealing,Jane's Addiction,02:17,-,0
Beer Drinkers & Hell Raisers,ZZ Top,03:11,-,0
Behind Blue Eyes,The Who,02:07,-,0
Bell Bottom Blues,Derek & The Dominos,02:30,-,0
Bennie And The Jets,Elton John,02:26,-,0
Best of You,Foo Fighters,03:18,-,0
Beth,Kiss,02:42,-,0
Better Man,Pearl Jam,03:17,-,0
Bicycle Race,Queen,02:31,-,0
Bicycle Race/fat Bottomed Girls,Queen,03:22,-,0
Big City Nights,Scorpions,03:29,-,0
Big Empty,Stone Temple Pilots,02:13,-,0
Big Gun,AC/DC,02:34,-,0
Big Log,Robert Plant,03:16,-,0
Big Shot,Billy Joel,02:17,-,0
Big Ten Inch,Aerosmith,03:05,-,0
Big Time,Peter Gabriel,03:15,-,0
Billion Dollar Babies,Alice Cooper,02:18,-,0
Birthday,The Beatles,02:52,-,0
Bitch,Rolling Stones,03:00,-,0
Black,Pearl Jam,02:18,-,0
Black Betty,Ram Jam,02:57,-,0
Black Coffee In Bed,Squeeze,02:09,-,0
Black Cow,Steely Dan,02:07,-,0
Black Dog,Led Zeppelin,03:14,-,0
Black Hole Sun,Soundgarden,03:16,-,0
Black Magic Woman,Santana,02:14,-,0
Black Mountain Side,Led Zeppelin,02:42,-,0
Black Velvet,Alannah Myles,02:32,-,0
Black Water,The Doobie Brothers,02:37,-,0
Blackbird,The Beatles,02:44,-,0
Blackout,Scorpions,02:09,-,0
Blaze of Glory,Bon Jovi,03:24,-,0
Blinded by the Light,Manfred Mann,02:34,-,0
Blister In the Sun,Violent Femmes,02:48,-,0
Blitzkrieg Bop,The Ramones,03:29,-,0
Bloody Well Right,Supertramp,03:11,-,0
Blue Collar Man,Styx,03:27,-,0
Blue Sky,Allman Brothers Band,02:38,-,0
Blurry,Puddle of Mudd,02:35,-,0
Bohemian Rhapsody,Queen,03:28,-,0
Bonzo's Montreaux,Led Zeppelin,02:18,-,0
Boogie With Stu,Led Zeppelin,03:07,-,0
Born In the U.S.A.,Bruce Springsteen,02:07,-,0
Born On the Bayou,Creedence Clearwater Revival,02:15,-,0
Born To Be My Baby,Bon Jovi,02:55,-,0
Born to Be Wild,Steppenwolf,03:22,-,0
Born To Run,Bruce Springsteen,02:58,-,0
Boulevard Of Broken Dreams,Green Day,02:27,-,0
Bound for the Floor,Local H,02:10,-,0
Brain Damage,Pink Floyd,03:06,-,0
Brain Damage /Eclipse,Pink Floyd,03:25,-,0
Brain Stew/Jaded,Green Day,02:01,-,0
Brass In Pocket,The Pretenders,03:10,-,0
Breadfan,Metallica,02:53,-,0
Break On Through,The Doors,02:59,-,0
Breakfast in America,Supertramp,02:55,-,0
Breaking the Girl,Red Hot Chili Peppers,02:46,-,0
Breaking The Law,Judas Priest,02:05,-,0
Breathe,Pink Floyd,02:18,-,0
Brickyard Road,Johnny Van Zant,02:30,-,0
Bridge of Sighs,Robin Trower,03:25,-,0
Bring It On Home,Led Zeppelin,02:27,-,0
Bron-y-aur Stomp,Led Zeppelin,02:48,-,0
Brothers In Arms,Dire Straits,03:07,-,0
Brown Eyed Girl,Van Morrison,02:48,-,0
Brown Sugar,Rolling Stones,02:51,-,0
Buddy Holly,Weezer,02:59,-,0
Bullet the Blue Sky,U2,03:15,-,0
Bullet With Butterfly Wings,Smashing Pumpkins,02:46,-,0
Bungle In The Jungle,Jethro Tull,02:42,-,0
Burden in My Hand,Soundgarden,02:31,-,0
Burn,Deep Purple,02:03,-,0
Burnin' for You,Blue Oyster Cult,02:40,-,0
Burnin' Sky,Bad Company,02:10,-,0
Burning Down the House,Talking Heads,02:52,-,0
By the Way,Red Hot Chili Peppers,02:04,-,0
Bye Bye Love,The Cars,03:13,-,0
CALIFORNIA DREAMIN',The Mamas ,02:33,-,0
Californication,Red Hot Chili Peppers,02:03,-,0
Call Me,Blondie,02:06,-,0
Call Me the Breeze,Lynyrd Skynyrd,02:49,-,0
Calling Dr. Love,Kiss,02:27,-,0
Candle in the Wind,Elton John,02:27,-,0
Can't Buy Me Love,The Beatles,03:08,-,0
Can't Find My Way Home,Blind Faith,03:13,-,0
Can't Get Enough,Bad Company,03:13,-,0
CAN'T GET IT OUT OF MY HEAD,Electric Light Orchestra,02:04,-,0
Can't Stand Losing You,The Police,03:07,-,0
Can't You Hear Me Knocking,Rolling Stones,02:44,-,0
Can't You See,The Marshall Tucker Band,02:56,-,0
Captain Fantastic,Elton John,03:17,-,0
Captain Jack,Billy Joel,02:36,-,0
Carry On Wayward Son,Kansas,02:44,-,0
CARS,Gary Numan,03:10,-,0
Casey Jones,Grateful Dead,02:17,-,0
Cat Scratch Fever,Ted Nugent,02:13,-,0
Cat's In The Cradle,Harry Chapin,03:12,-,0
Caught Up in You,.38 Special,02:18,-,0
Cecilia,Simon & Garfunkel,02:21,-,0
Celebration Day,Led Zeppelin,02:30,-,0
Centerfield,John Fogerty,02:46,-,0
Centerfold,J. Geils Band,02:39,-,0
Changes,Yes,03:19,-,0
Cheap Sunglasses,ZZ Top,02:52,-,0
Cherry Pie,Warrant,02:26,-,0
Chest Fever,The Band,03:24,-,0
Child In Time,Deep Purple,02:48,-,0
China Girl,David Bowie,02:47,-,0
China Grove,The Doobie Brothers,02:48,-,0
Cinnamon Girl,Neil Young,02:18,-,0
Civil War,Guns N' Roses,03:08,-,0
Clampdown,The Clash,02:50,-,0
Cliffs Of Dover,Eric Johnson,03:25,-,0
Close My Eyes Forever,Lita Ford,02:05,-,0
Closer To Home (I'm Your Captain),Grand Funk Railroad,02:04,-,0
Closer to the Heart,Rush,02:40,-,0
Cocaine,Eric Clapton,03:10,-,0
Cold As Ice,Foreigner,02:57,-,0
Cold Gin,Kiss,03:29,-,0
Cold Hard Bitch,Jet,02:49,-,0
Come As You Are,Nirvana,02:33,-,0
Come Dancing,The Kinks,02:49,-,0
Come Out and Play,The Offspring,02:43,-,0
Come Sail Away,Styx,03:29,-,0
Come Together,The Beatles,02:45,-,0
Comedown,Bush,03:24,-,0
Comfortably Numb,Pink Floyd,02:53,-,0
Coming Home,Cinderella,02:03,-,0
Coming Up,Paul McCartney & Wings,02:52,-,0
Communication Breakdown,Led Zeppelin,02:05,-,0
Conquistador,London Symphony Orchestra,02:22,-,0
Copperhead Road,Steve Earle,02:56,-,0
Counting Blue Cars,Dishwalla,02:35,-,0
Cover Me,Bruce Springsteen,03:24,-,0
Cowboy,Kid Rock,03:23,-,0
Cradle of Love,Billy Idol,02:53,-,0
Crazy,Aerosmith,02:21,-,0
Crazy Little Thing Called Love,Queen,02:25,-,0
CRAZY LOVE,Van Morrison,03:24,-,0
Crazy On You,Heart,03:00,-,0
Crazy Train,Ozzy Osbourne,02:27,-,0
Creep,Stone Temple Pilots,02:21,-,0
Crocodile Rock,Elton John,03:10,-,0
Cross-eyed Mary,Jethro Tull,02:05,-,0
Crossfire,Stevie Ray Vaughan,02:18,-,0
Crossroads,Cream,02:13,-,0
Crosstown Traffic,Jimi Hendrix,03:01,-,0
Crumblin' Down,John Mellencamp,03:22,-,0
Cry For A Shadow,The Beatles,03:22,-,0
Cryin',Aerosmith,02:06,-,0
Cult Of Personality,Living Colour,02:04,-,0
Custard Pie,Led Zeppelin,02:30,-,0
Cuts Like a Knife,Bryan Adams,02:52,-,0
Dance Little Sister,Rolling Stones,03:14,-,0
Dance the Night Away,Van Halen,02:15,-,0
Dancing Days,Led Zeppelin,02:11,-,0
Dancing In the Dark,Bruce Springsteen,02:13,-,0
Dancing In the Street,Van Halen,03:06,-,0
Dancing With Myself,Billy Idol,02:26,-,0
Dani California,Red Hot Chili Peppers,02:43,-,0
DANIEL,Elton John,02:04,-,0
Darlene,Led Zeppelin,02:17,-,0
Daughter,Pearl Jam,02:23,-,0
Day Tripper,The Beatles,03:09,-,0
Dazed and Confused,Led Zeppelin,02:35,-,0
Deacon Blues,Steely Dan,02:41,-,0
Dear Prudence,The Beatles,02:30,-,0
Desire,U2,03:05,-,0
Desperado,Eagles,03:15,-,0
Destroyer,The Kinks,02:33,-,0
Detroit Rock City,Kiss,03:21,-,0
Devil Inside,INXS,03:20,-,0
Devil With the Blue Dress On,Mitch Ryder,02:33,-,0
Diamond Dogs,David Bowie,02:23,-,0
Diary Of A Madman,Ozzy Osbourne,02:43,-,0
Dirty Deeds Done Dirt Cheap,AC/DC,03:03,-,0
Dirty Laundry,Don Henley,03:17,-,0
Dirty Water,The Standells,02:29,-,0
Dirty White Boy,Foreigner,03:07,-,0
Dirty Work,Steely Dan,03:22,-,0
Dissident,Pearl Jam,02:45,-,0
Dixie Chicken,Little Feat,02:27,-,0
Dixie/Sweet Home Alabama,Lynyrd Skynyrd,02:43,-,0
Do It Again,Steely Dan,02:28,-,0
Do Wah Diddy Diddy,Manfred Mann,02:19,-,0
Do You Feel Like We Do,Peter Frampton,02:47,-,0
Do You Remember Rock 'n' Roll Radio,The Ramones,02:59,-,0
Doctor My Eyes,Jackson Browne,03:08,-,0
Dog On A Leash,Adelitas Way,03:11,-,0
Dogs,Pink Floyd,02:56,-,0
Dolly Dagger,Jimi Hendrix,02:46,-,0
Domino,Van Morrison,03:29,-,0
Don't Ask Me No Questions,Lynyrd Skynyrd,02:35,-,0
Don't Come Around Here No More,Tom Petty & The Heartbreakers,03:26,-,0
Don't Do Me Like That,Tom Petty & The Heartbreakers,02:04,-,0
Don't Get Me Wrong,The Pretenders,03:19,-,0
Don't Go Away Mad (Just Go Away),Motley Crue,03:11,-,0
Don't Know What You Got,Cinderella,02:11,-,0
Don't Let Me Be Misunderstood,Animals II,02:49,-,0
Don't Let Me Down,The Beatles,03:15,-,0
Don't Let The Sun Go Down On Me,Elton John,03:04,-,0
Don't Look Back,Boston,03:26,-,0
Don't Stand So Close To Me,The Police,03:15,-,0
Don't Stop,Fleetwood Mac,02:54,-,0
Don't Stop Believin',Journey,03:05,-,0
Don't Stop Me Now,Queen,03:15,-,0
Don't Tell Me You Love Me,Night Ranger,02:23,-,0
Don't You,Simple Minds,02:22,-,0
Doo Doo Doo Doo Doo (Heartbreaker),Rolling Stones,03:25,-,0
Doom And Gloom,Rolling Stones,03:04,-,0
Double Vision,Foreigner,02:32,-,0
Down by the River,Neil Young,02:55,-,0
Down By The Seaside,Led Zeppelin,02:20,-,0
Down in a Hole,Alice In Chains,02:20,-,0
Down On the Corner,Creedence Clearwater Revival,03:23,-,0
Down To The Waterline,Dire Straits,02:25,-,0
Down Under,Men At Work,02:15,-,0
Dr. Feelgood,Motley Crue,03:28,-,0
Draw The Line,Aerosmith,02:02,-,0
Dream On,Aerosmith,02:59,-,0
Dream Weaver,Gary Wright,03:24,-,0
Dreamboat Annie,Heart,02:32,-,0
Dreamer,Supertramp,02:49,-,0
Drift Away,Dobie Gray,03:10,-,0
Drive,The Cars,03:12,-,0
Drive My Car,The Beatles,03:17,-,0
Driven to Tears,The Police,02:38,-,0
Driver's Seat,Sniff 'n' the Tears,02:15,-,0
Dude (Looks Like a Lady),Aerosmith,02:49,-,0
Dumb,Nirvana,03:12,-,0
Dust In The Wind,Kansas,03:24,-,0
D'Yer Mak'er,Led Zeppelin,03:21,-,0
Early 1970 [*],Ringo Starr,03:08,-,0
Edge of Seventeen,Stevie Nicks,03:03,-,0
Eight Days A Week,The Beatles,03:02,-,0
Eight Miles High,The Byrds,02:33,-,0
Eighteen,Alice Cooper,02:27,-,0
Elderly Woman Behind the Counter in a Small Town,Pearl Jam,02:37,-,0
Eleanor Rigby,The Beatles,02:19,-,0
Elected,Alice Cooper,03:24,-,0
Electric Eye,Judas Priest,02:14,-,0
Eminence Front,The Who,02:39,-,0
Emotional Rescue,Rolling Stones,03:23,-,0
Empty Spaces,Pink Floyd,03:28,-,0
Empty Spaces/young Lust,Pink Floyd,03:00,-,0
End of the Line,The Traveling Wilburys,03:22,-,0
Enjoy the Silence,Depeche Mode,02:03,-,0
Enter Sandman,Metallica,03:06,-,0
Entre Nous,Rush,03:14,-,0
Epic,Faith No More,03:22,-,0
Eruption - You Really Got Me,Van Halen,02:30,-,0
Europa,Santana,02:25,-,0
Even Better Than the Real Thing,U2,02:25,-,0
Even Flow,Pearl Jam,02:13,-,0
Everlong,Foo Fighters,03:05,-,0
Every Breath You Take,The Police,02:44,-,0
Every Little Thing She Does Is Magic,The Police,02:40,-,0
Every Picture Tells A Story,Rod Stewart,02:22,-,0
Every Rose Has Its Thorn,Poison,03:06,-,0
Everybody Wants Some!!,Van Halen,02:22,-,0
Everybody Wants to Rule the World,Tears for Fears,02:33,-,0
Everybody's Got Something To Hide Except Me And My Monk,The Beatles,03:12,-,0
Evil Ways,Santana,03:24,-,0
Evil Woman,Electric Light Orchestra,02:53,-,0
Expresso Love,Dire Straits,02:02,-,0
Eye In the Sky,The Alan Parsons Project,02:03,-,0
Eye of the Tiger,Survivor,02:42,-,0
Eyes Without a Face,Billy Idol,02:51,-,0
Fade To Black,Metallica,02:37,-,0
Fairies Wear Boots,Black Sabbath,03:24,-,0
Faithfully,Journey,02:09,-,0
Fame,David Bowie,02:07,-,0
Far Behind,Candlebox,02:37,-,0
Fashion,David Bowie,03:22,-,0
Fat Bottomed Girls,Queen,03:16,-,0
Fearless,Pink Floyd,02:47,-,0
Feeling Stronger Every,Chicago,02:58,-,0
Feeling That Way,Journey,02:16,-,0
Feels Like the First Time,Foreigner,02:36,-,0
Fell On Black Days,Soundgarden,02:42,-,0
Fire,Jimi Hendrix,02:43,-,0
Fire Down Below,Bob Seger,03:00,-,0
Fire On High,Electric Light Orchestra,02:16,-,0
Fire Woman,The Cult,03:30,-,0
Five To One,The Doors,03:26,-,0
Fixing A Hole,The Beatles,02:37,-,0
Flight Of Icarus,Iron Maiden,02:14,-,0
Fly Away,Lenny Kravitz,02:28,-,0
Fly By Night,Rush,02:52,-,0
Fly Like an Eagle,Steve Miller Band,03:22,-,0
Fly To The Angels,Slaughter,02:26,-,0
Flying High Again,Ozzy Osbourne,02:16,-,0
Fm no Static At All,Steely Dan,03:24,-,0
Follow You Follow Me,Genesis,02:12,-,0
Fool For The City,Foghat,03:25,-,0
Fool for Your Loving,Whitesnake,02:16,-,0
Fool In the Rain,Led Zeppelin,03:05,-,0
Fooled around and Fell in Love,Elvin Bishop,03:28,-,0
Fooling Yourself,Styx,02:07,-,0
For Those About To Rock,AC/DC,03:29,-,0
For What It's Worth,Buffalo Springfield,02:22,-,0
For Whom The Bell Tolls,Metallica,02:47,-,0
For Your Life,Led Zeppelin,02:02,-,0
Foreplay (Long Time),Boston,02:22,-,0
Forever Man,Eric Clapton,02:54,-,0
Fortress Around Your Heart,Sting,03:18,-,0
Fortunate Son,Creedence Clearwater Revival,03:10,-,0
Found Out About You,Gin Blossoms,03:04,-,0
Four Sticks,Led Zeppelin,02:38,-,0
Foxey Lady,Jimi Hendrix,03:10,-,0
Free Bird,Lynyrd Skynyrd,03:18,-,0
Free Fallin',Tom Petty & The Heartbreakers,02:43,-,0
Free for All,Ted Nugent,02:49,-,0
Free Ride,Edgar Winter Group,02:03,-,0
Freeway Jam,Jeff Beck,03:07,-,0
Freewill,Rush,02:41,-,0
Freeze-frame,J. Geils Band,02:30,-,0
Friend Of The Devil,Grateful Dead,03:05,-,0
Friends,Led Zeppelin,03:19,-,0
From Me To You,The Beatles,02:12,-,0
Fuel,Metallica,02:43,-,0
Funeral for a Friend (Love Lies Bleeding),Elton John,02:32,-,0
Gallows Pole,Led Zeppelin,03:17,-,0
Games People Play,The Alan Parsons Project,02:07,-,0
Games Without Frontiers,Peter Gabriel,02:26,-,0
Get Back,The Beatles,03:09,-,0
Get It While You Can,Janis Joplin,03:23,-,0
Get Off My Cloud,Rolling Stones,02:53,-,0
Get Off Of My Cloud,Rolling Stones,02:36,-,0
Get Together,The Youngbloods,02:38,-,0
Getting Better,The Beatles,02:33,-,0
Gimme All Your Lovin,ZZ Top,02:22,-,0
Gimme Back My Bullets,Lynyrd Skynyrd,02:26,-,0
Gimme Shelter,Rolling Stones,02:20,-,0
GIMME SOME LOVIN',Spencer Davis Group,02:50,-,0
Gimme Three Steps,Lynyrd Skynyrd,02:18,-,0
GIRL,The Beatles,03:11,-,0
Give a Little Bit,Supertramp,02:06,-,0
Give It Away,Red Hot Chili Peppers,03:10,-,0
Give It To Me,J. Geils Band,02:32,-,0
Give Me Love,George Harrison,02:22,-,0
Glory Days,Bruce Springsteen,02:55,-,0
Go Your Own Way,Fleetwood Mac,03:08,-,0
God Save The Queen,Sex Pistols,02:40,-,0
Godzilla,Blue Oyster Cult,03:28,-,0
Goin' up the Country,Canned Heat,02:02,-,0
Going Mobile,The Who,02:28,-,0
Going to California,Led Zeppelin,02:58,-,0
Gold Dust Woman,Fleetwood Mac,02:11,-,0
Gold On The Ceiling,The Black Keys,02:52,-,0
Golden Slumbers,The Beatles,02:04,-,0
Golden Years,David Bowie,03:03,-,0
Good Clean Fun,Allman Brothers Band,02:22,-,0
Good Day Sunshine,The Beatles,03:12,-,0
Good Riddance (Time Of Your Life),Green Day,02:20,-,0
Good Times Bad Times,Led Zeppelin,02:14,-,0
Good Vibrations,The Beach Boys,02:26,-,0
Goodbye Blue Sky,Pink Floyd,02:33,-,0
Goodbye Daughters of the Revolution,The Black Crowes,03:17,-,0
Goodbye Stranger,Supertramp,02:01,-,0
Goodbye To Romance,Ozzy Osbourne,03:26,-,0
Goodbye Yellow Brick Road,Elton John,02:03,-,0
Goodnight Saigon,Billy Joel,02:18,-,0
Got Me Under Pressure,ZZ Top,02:22,-,0
GOT MY MIND SET ON YOU,George Harrison,03:21,-,0
Got To Get You Into My Life,The Beatles,02:37,-,0
Green Eyed Lady,Sugarloaf,02:49,-,0
Green Grass & High Tides,The Outlaws,02:56,-,0
Green Onions,Booker T. and the MG's,02:55,-,0
Green River,Creedence Clearwater Revival,03:05,-,0
Grey Ghost,Henry Paul Band,02:21,-,0
Growin' Up,Bruce Springsteen,03:00,-,0
Gypsy,Fleetwood Mac,03:11,-,0
Gypsy Road,Cinderella,02:09,-,0
Hair Of The Dog,Nazareth,02:35,-,0
Hand In My Pocket,Alanis Morissette,03:20,-,0
Hand of Fate,Rolling Stones,02:54,-,0
Handle with Care,The Traveling Wilburys,02:29,-,0
Hang Fire,Rolling Stones,03:07,-,0
Happy,Rolling Stones,02:45,-,0
Happy Jack,The Who,03:08,-,0
Happy Together,Turtles,03:28,-,0
Hard As A Rock,AC/DC,02:48,-,0
Hard To Handle,The Black Crowes,03:12,-,0
Harmony,Elton John,02:30,-,0
Harvester Of Sorrow,Metallica,02:42,-,0
Hats Off To roy Harper,Led Zeppelin,03:12,-,0
Have a Cigar,Pink Floyd,02:45,-,0
Have a Drink On Me,AC/DC,02:21,-,0
Have You Ever Seen the Rain?,Creedence Clearwater Revival,02:55,-,0
Head Over Heels,Tears for Fears,03:12,-,0
HEARD IT IN A LOVE SONG,The Marshall Tucker Band,02:39,-,0
Heard It On the X,ZZ Top,02:15,-,0
Heart of Glass,Blondie,02:26,-,0
Heart of Gold,Neil Young,02:51,-,0
Heartache Tonight,Eagles,02:18,-,0
Heartbreaker/living Loving Maid she's Just A Woman,Led Zeppelin,02:27,-,0
Heat of the Moment,Asia,02:07,-,0
Heaven,Bryan Adams,03:26,-,0
Heaven and Hell,Black Sabbath,03:25,-,0
Helen Wheels,Paul McCartney & Wings,02:04,-,0
Hell Is for Children,Pat Benatar,02:02,-,0
Hello Again,The Cars,02:33,-,0
Hello Goodbye,The Beatles,02:50,-,0
Hello It's Me,Todd Rundgren,02:24,-,0
Hells Bells,AC/DC,02:47,-,0
Help!,The Beatles,02:52,-,0
Helter Skelter,The Beatles,02:58,-,0
Her Strut,Bob Seger,02:18,-,0
Here Comes My Girl,Tom Petty & The Heartbreakers,02:52,-,0
Here Comes The Sun,The Beatles,03:20,-,0
Here I Go Again,Whitesnake,03:18,-,0
Hero of the Day,Metallica,02:10,-,0
Heroes,David Bowie,02:14,-,0
Hey Hey What Can I Do,Led Zeppelin,02:37,-,0
Hey Jealousy,Gin Blossoms,02:01,-,0
Hey Joe,Jimi Hendrix,03:26,-,0
Hey Jude,The Beatles,02:09,-,0
Hey Nineteen,Steely Dan,02:41,-,0
Hey You,Pink Floyd,02:39,-,0
High Enough,Damn Yankees,03:07,-,0
Higher,Creed,03:22,-,0
Higher Love,Steve Winwood,02:07,-,0
Highway Star,Deep Purple,03:04,-,0
Highway To Hell,AC/DC,02:34,-,0
Hit Me With Your Best Shot,Pat Benatar,03:12,-,0
Hitch A Ride,Boston,02:10,-,0
Hocus Pocus,Focus,02:01,-,0
Hold Me,Fleetwood Mac,02:48,-,0
Hold On,Triumph,02:52,-,0
Hold On Loosely,.38 Special,02:51,-,0
Hold The Line,Toto,02:29,-,0
Hold Your Head Up,Argent,02:42,-,0
Holiday (Live),Green Day,03:09,-,0
Holiday / Boulevard of Broken Dreams,Green Day,02:27,-,0
Hollywood Nights,Bob Seger,02:40,-,0
Home by the Sea/Second Home by the Sea,Genesis,02:16,-,0
Home Sweet Home,Motley Crue,03:07,-,0
Honky Cat,Elton John,02:14,-,0
Honky Tonk Women,Rolling Stones,03:02,-,0
Hot Blooded,Foreigner,03:19,-,0
Hot Dog,Led Zeppelin,03:23,-,0
Hot for Teacher,Van Halen,02:10,-,0
Hot Rod Lincoln,Commander Cody,03:03,-,0
Hotel California,Eagles,03:03,-,0
House Of Pain,Faster Pussycat,02:57,-,0
House Of The Rising Sun,The Animals,03:20,-,0
Houses of the Holy,Led Zeppelin,02:41,-,0
How Can I Refuse,Heart,03:08,-,0
How Long,Ace,02:19,-,0
How Many More Times,Led Zeppelin,02:47,-,0
How You Remind Me,Nickelback,02:35,-,0
Hunger Strike,Temple of the Dog,02:12,-,0
Hungry Heart,Bruce Springsteen,03:27,-,0
Hurts So Good,John Mellencamp,03:29,-,0
Hush,Deep Purple,03:03,-,0
Hypnotized,Fleetwood Mac,03:19,-,0
Hysteria,Def Leppard,03:26,-,0
I Am the Walrus,The Beatles,02:39,-,0
I CAN SEE CLEARLY NOW,Johnny Nash,03:23,-,0
I Can See For Miles,The Who,02:49,-,0
I Can't Drive 55,Sammy Hagar,03:18,-,0
I CAN'T EXPLAIN,The Who,02:58,-,0
I Can't Fight This Feeling,REO Speedwagon,03:00,-,0
I Can't Quit You Baby,Led Zeppelin,02:18,-,0
I Can't Stand It,Eric Clapton,02:31,-,0
I Can't Tell You Why,Eagles,03:08,-,0
I Don't Know,Ozzy Osbourne,03:22,-,0
I Don't Want To Know,Fleetwood Mac,02:38,-,0
I Drink Alone,George Thorogood,03:08,-,0
I Feel Fine,The Beatles,02:29,-,0
I Hate Myself For Loving You,Joan Jett,02:23,-,0
I HEAR YOU KNOCKING,Dave Edmunds,02:24,-,0
I Know a Little,Lynyrd Skynyrd,02:45,-,0
I Love Rock 'n Roll,Joan Jett,02:38,-,0
I Love the Night,Blue Oyster Cult,02:41,-,0
I Melt With You,Modern English,02:14,-,0
I Need A Lover,John Mellencamp,02:05,-,0
I Remember You,Skid Row,02:46,-,0
I Saw Her Standing There,The Beatles,03:26,-,0
I Saw the Light,Todd Rundgren,03:01,-,0
I Shot The Sheriff,Eric Clapton,02:44,-,0
I Still Haven't Found What I'm Looking For,U2,03:21,-,0
I Wanna Be Sedated,The Ramones,02:24,-,0
I Wanna Rock,Twisted Sister,02:46,-,0
I Want A New Drug,Huey Lewis & The News,02:10,-,0
I Want To Hold Your Hand,The Beatles,03:26,-,0
I Want to Know What Love Is,Foreigner,02:23,-,0
I Want You (She's So Heavy),The Beatles,03:30,-,0
I Want You to Want Me,Cheap Trick,03:13,-,0
I Will Follow,U2,02:04,-,0
I Won't Back Down,Tom Petty & The Heartbreakers,02:15,-,0
Ice Cream Man,Van Halen,03:03,-,0
I'd Love To Change The World,Ten Years After,03:26,-,0
If You Wanna Get to Heaven,Ozark Mountain Daredevils,03:12,-,0
I'll Follow The Sun,The Beatles,03:26,-,0
I'm A Loser,The Beatles,02:30,-,0
I'm A Man,The Spencer Davis Group,03:22,-,0
I'm Alright,Kenny Loggins,03:15,-,0
I'm Down,The Beatles,03:04,-,0
I'm Eighteen,Alice Cooper,02:34,-,0
I'm Free,The Who,03:25,-,0
I'm No Angel,Gregg Allman,03:17,-,0
I'm On Fire,Bruce Springsteen,03:17,-,0
I'm So Glad,Cream,03:28,-,0
I'm the One,Van Halen,02:38,-,0
I'm the Only One,Melissa Etheridge,02:21,-,0
Imagine,John Lennon,03:04,-,0
Immigrant Song,Led Zeppelin,03:10,-,0
In a Big Country,Big Country,03:16,-,0
In A Gadda Da Vida,Iron Butterfly,02:05,-,0
In America,Charlie Daniels Band,02:13,-,0
In Bloom,Nirvana,03:12,-,0
In Memory Of Elizabeth Reed,Allman Brothers Band,02:37,-,0
IN MY LIFE,The Beatles,02:38,-,0
In My Time of Dying,Led Zeppelin,02:02,-,0
In the Air Tonight,Phil Collins,03:16,-,0
In the Evening,Led Zeppelin,02:39,-,0
In the Light,Led Zeppelin,02:26,-,0
In the Summertime,Mungo Jerry,03:29,-,0
In Your Eyes,Peter Gabriel,03:04,-,0
Industrial Disease,Dire Straits,03:26,-,0
Instant Karma,John Lennon,02:07,-,0
Interstate Love Song,Stone Temple Pilots,02:47,-,0
Into The Mystic,Van Morrison,02:27,-,0
Invincible,Pat Benatar,03:03,-,0
Invisible Sun,The Police,02:28,-,0
Iris,The Goo Goo Dolls,03:10,-,0
Iron Man,Black Sabbath,02:40,-,0
Is She Really Going Out With Him?,Joe Jackson,02:44,-,0
Is This Love,Whitesnake,02:46,-,0
Isn't It Time,The Babys,02:04,-,0
It Can Happen,Yes,03:27,-,0
It Don't Come Easy,Ringo Starr,03:03,-,0
IT WON'T BE LONG,The Beatles,02:27,-,0
Itchycoo Park,The Small Faces,02:00,-,0
It's A Long Way To The Top,AC/DC,02:55,-,0
IT'S ALL OVER NOW,Rolling Stones,03:04,-,0
It's Been Awhile,Staind,02:20,-,0
It's Hard to Be a Saint in the City,Bruce Springsteen,02:42,-,0
It's In The Way That You Use It,Eric Clapton,03:24,-,0
It's Only Rock 'n Roll,Rolling Stones,02:05,-,0
It's Still Rock And Roll To Me,Billy Joel,02:47,-,0
It's the End of the World As We Know It (And I Feel Fine),R.E.M.,02:07,-,0
IT'S TOO LATE,Carole King,03:17,-,0
I've Got A Feeling,The Beatles,03:10,-,0
I've Just Seen A Face,The Beatles,02:04,-,0
I've Seen All Good People,Yes,02:16,-,0
Jack & Diane,John Mellencamp,02:09,-,0
Jackie Blue,Ozark Mountain Daredevils,03:26,-,0
Jaded,Aerosmith,02:30,-,0
Jailbreak,Thin Lizzy,02:47,-,0
Jamie's Cryin',Van Halen,02:03,-,0
Jammin' Me,Tom Petty & The Heartbreakers,02:47,-,0
Jane,Jefferson Starship,03:09,-,0
Jane Says,Jane's Addiction,02:09,-,0
Janie's Got A Gun,Aerosmith,03:04,-,0
Jeepster,T. Rex,03:22,-,0
Jeremy,Pearl Jam,03:14,-,0
Jessica,Allman Brothers Band,02:12,-,0
Jessie's Girl,Rick Springfield,03:04,-,0
Jesus Is Just Alright,The Doobie Brothers,02:50,-,0
Jesus Just Left Chicago,ZZ Top,03:22,-,0
Jet Airliner,Steve Miller Band,02:50,-,0
Jet City Woman,Queensryche,02:58,-,0
Jingo,Santana,02:33,-,0
Joe's Garage,Frank Zappa,03:16,-,0
JOHNNY B. GOODE,Chuck Berry,02:05,-,0
Join Together,The Who,02:13,-,0
Journey to the Center of the Mind,The Amboy Dukes,02:47,-,0
Juke Box Hero,Foreigner,03:11,-,0
Jump,Van Halen,03:24,-,0
Jumpin' Jack Flash,Rolling Stones,02:46,-,0
Jungle Love,Steve Miller Band,02:39,-,0
Jungleland,Bruce Springsteen,03:06,-,0
Junior's Farm,Paul McCartney & Wings,03:24,-,0
Just A Gigolo / I Ain't Got Nobody,David Lee Roth,02:59,-,0
Just Like A Woman,Bob Dylan,02:11,-,0
Just What I Needed,The Cars,03:16,-,0
Kashmir,Led Zeppelin,02:52,-,0
Katmandu,Bob Seger,03:24,-,0
Keep On Loving You,REO Speedwagon,03:03,-,0
Keep Talking,Pink Floyd,03:20,-,0
Keep Your Hands To Yourself,Georgia Satellites,02:48,-,0
Keep Yourself Alive,Queen,02:10,-,0
Kentucky Woman,Deep Purple,02:43,-,0
Kickstart My Heart,Motley Crue,02:26,-,0
Killer Queen,Queen,02:04,-,0
King Of Pain,The Police,02:41,-,0
Kiss Me Deadly,Lita Ford,03:15,-,0
Knockin' On Heaven's Door,Bob Dylan,02:30,-,0
Knocking At Your Backdoo,Deep Purple,03:07,-,0
Kodachrome,Paul Simon,03:08,-,0
Kryptonite,3 Doors Down,02:04,-,0
L.A. Woman,The Doors,02:23,-,0
La Grange,ZZ Top,03:29,-,0
Lady,Styx,03:14,-,0
Lady Madonna,The Beatles,02:55,-,0
Lady Writer,Dire Straits,03:27,-,0
Land Of Confusion,Genesis,03:21,-,0
Landslide,Fleetwood Mac,02:36,-,0
Last Child,Aerosmith,02:58,-,0
Last Kiss,Pearl Jam,03:19,-,0
Lay Down Sally,Eric Clapton,03:11,-,0
Lay Your Hands On Me,Bon Jovi,02:23,-,0
Layla,Derek & The Dominos,02:43,-,0
Lazy,Deep Purple,02:44,-,0
Learn To Fly,Foo Fighters,02:53,-,0
Leather and Lace,Stevie Nicks,02:25,-,0
Leave It,Yes,02:13,-,0
Legs,ZZ Top,02:08,-,0
Let It Be,The Beatles,03:21,-,0
Let It Bleed,Rolling Stones,03:16,-,0
Let It Grow,Eric Clapton,02:19,-,0
Let It Rain,Eric Clapton,02:11,-,0
Let It Ride,Bachman-Turner Overdrive,03:29,-,0
Let Me Roll It,Paul McCartney & Wings,02:27,-,0
Let Me Take You Home Tonight,Boston,03:06,-,0
Let My Love Open the Door,Pete Townshend,02:53,-,0
Let the Music Do the Talking,Aerosmith,02:46,-,0
Let There Be Rock,AC/DC,03:18,-,0
Let's Dance,David Bowie,02:31,-,0
Let's Go,The Cars,03:18,-,0
Let's Ride,Kid Rock,02:23,-,0
Let's Spend the Night Together,Rolling Stones,02:24,-,0
Levon,Elton John,03:17,-,0
Lick It Up,Kiss,02:56,-,0
Lido Shuffle,Boz Scaggs,02:15,-,0
Life During Wartime,Talking Heads,02:15,-,0
Life Is a Highway,Tom Cochrane,02:46,-,0
Light My Fire,The Doors,03:23,-,0
Light Up,Styx,03:30,-,0
Lightning Bolt,Pearl Jam,02:05,-,0
Lightning Crashes,Live,02:37,-,0
Lights,Journey,02:48,-,0
Lights Out (Live),UFO,02:36,-,0
Like a Hurricane,Neil Young,02:35,-,0
Like a Rolling Stone,Bob Dylan,02:12,-,0
Like a Stone,Audioslave,03:29,-,0
Limelight,Rush,02:45,-,0
Listen To The Music,The Doobie Brothers,02:57,-,0
Lithium,Nirvana,03:29,-,0
LITTLE CHILD,The Beatles,02:58,-,0
Little Guitars,Van Halen,03:13,-,0
Little Lies,Fleetwood Mac,03:07,-,0
Little Wing,Jimi Hendrix,02:21,-,0
Live and Let Die,Paul McCartney & Wings,02:26,-,0
Livin' On A Prayer,Bon Jovi,02:35,-,0
Livin' On The Edge,Aerosmith,03:02,-,0
Livin' Thing,Electric Light Orchestra,02:10,-,0
Living After Midnight,Judas Priest,02:41,-,0
Living In The Past,Jethro Tull,02:21,-,0
Living Loving Maid (She's Just a Woman),Led Zeppelin,02:18,-,0
Load Out/Stay,Jackson Browne,02:57,-,0
Loco-Motion,Grand Funk Railroad,02:30,-,0
Locomotive Breath,Jethro Tull,02:13,-,0
Lodi,Creedence Clearwater Revival,02:41,-,0
Lola,The Kinks,02:40,-,0
London Calling,The Clash,03:14,-,0
Lonely Boy,The Black Keys,02:17,-,0
Lonely Is the Night,Billy Squier,03:13,-,0
Lonely Ol' Night,John Mellencamp,02:43,-,0
Long Cool Woman,Hollies,02:11,-,0
Long Distance Runaround,Yes,03:05,-,0
Long Haired Country Boy,Charlie Daniels Band,02:31,-,0
Long Live Rock,The Who,02:56,-,0
Long Train Runnin',The Doobie Brothers,02:02,-,0
Longview,Green Day,02:39,-,0
Lookin' Out My Back Door,Creedence Clearwater Revival,02:35,-,0
Lorelei,Styx,02:23,-,0
Loser,Beck,02:03,-,0
Losing My Religion,R.E.M.,03:10,-,0
Love Bites,Def Leppard,02:20,-,0
Love Her Madly,The Doors,02:03,-,0
Love Hurts,Nazareth,03:02,-,0
Love In An Elevator,Aerosmith,02:47,-,0
Love Is A Battlefield,Pat Benatar,03:28,-,0
Love Is Like A Rock,Donnie Iris,02:28,-,0
Love Is Like Oxygen,Sweet,02:58,-,0
Love Me Do,The Beatles,02:04,-,0
Love Me Two Times,The Doors,02:56,-,0
Love Reign O'er Me,The Who,02:53,-,0
Love Shack,The B-52's,03:08,-,0
Love Song,Tesla,02:09,-,0
Love Walks In,Van Halen,02:26,-,0
Lovely Rita,The Beatles,03:09,-,0
Loves Me Like a Rock,Paul Simon,02:59,-,0
Low,Cracker,02:44,-,0
Low Rider,War,02:20,-,0
Lowdown,Boz Scaggs,02:10,-,0
Lucy In The Sky With Diamonds,The Beatles,02:06,-,0
Lunatic Fringe,Red Rider,03:28,-,0
Lust for Life,Iggy Pop,02:38,-,0
Lyin' Eyes,Eagles,03:13,-,0
Machinehead,Bush,02:25,-,0
Madman Across The Water,Elton John,02:44,-,0
Maggie May,Rod Stewart,02:28,-,0
Maggot Brain,Funkadelic,03:13,-,0
Magic,The Cars,02:36,-,0
Magic Bus,The Who,02:48,-,0
Magic Carpet Ride,Steppenwolf,02:34,-,0
Magic Man,Heart,02:25,-,0
Magical Mystery Tour,The Beatles,02:14,-,0
Mainstreet,Bob Seger,03:28,-,0
Make Me Smile,Chicago,02:37,-,0
Mama,Genesis,02:37,-,0
Mama Kin,Aerosmith,03:01,-,0
Man In The Box,Alice In Chains,03:20,-,0
Man On The Corner,Genesis,02:30,-,0
Man On the Moon,R.E.M.,03:21,-,0
Man On The Silver Mountain,Rainbow,02:54,-,0
Manic Depression,Jimi Hendrix,03:19,-,0
Margaritaville,Jimmy Buffett,03:15,-,0
Mary Jane's Last Dance,Tom Petty & The Heartbreakers,02:16,-,0
Master of Puppets,Metallica,02:06,-,0
Maxwell's Silver Hammer,The Beatles,03:19,-,0
Maybe I'm Amazed,Paul McCartney & Wings,03:23,-,0
Me and Bobby McGee,Janis Joplin,03:11,-,0
Me And Julio Down By The Schoolyard,Paul Simon,02:51,-,0
Melissa,Allman Brothers Band,03:10,-,0
Message In A Bottle,The Police,02:58,-,0
Metal Health,Quiet Riot,02:35,-,0
Miami 2017 seen The Lights Go Out On Broadway (live 1,Billy Joel,02:24,-,0
Middle Of The Road,The Pretenders,02:38,-,0
Midnight Rambler,Rolling Stones,02:04,-,0
Midnight Rider,Gregg Allman,02:16,-,0
Miss You,Rolling Stones,03:25,-,0
Mississippi Queen,Mountain,02:22,-,0
Misty Mountain Hop,Led Zeppelin,02:22,-,0
Misunderstanding,Genesis,03:28,-,0
MLK/Pride,U2,02:47,-,0
Moby Dick,Led Zeppelin,03:19,-,0
Modern Love,David Bowie,03:21,-,0
Monday Morning,Fleetwood Mac,02:02,-,0
Money,Pink Floyd,02:06,-,0
Money for Nothing,Dire Straits,03:07,-,0
Monkey Man,Rolling Stones,02:24,-,0
Monkey Wrench,Foo Fighters,03:25,-,0
Monterey,The Animals,03:25,-,0
Moondance,Van Morrison,03:01,-,0
Moonlight Drive,The Doors,03:01,-,0
More Than a Feeling,Boston,02:21,-,0
More Than Words,Extreme,02:38,-,0
Mother,Pink Floyd,02:18,-,0
Mother's Little Helper,Rolling Stones,02:03,-,0
Move Over,Janis Joplin,02:36,-,0
Movin' Out (Anthony's Song),Billy Joel,02:21,-,0
Moving In Stereo,The Cars,03:18,-,0
Mr. Brownstone,Guns N' Roses,02:16,-,0
Mr. Crowley,Ozzy Osbourne,02:10,-,0
Mr. Jones,Counting Crows,02:58,-,0
Mr. Soul,Buffalo Springfield,02:36,-,0
Mr. Tinkertrain,Ozzy Osbourne,02:10,-,0
Mrs. Robinson,Simon & Garfunkel,03:17,-,0
My City Was Gone,The Pretenders,02:32,-,0
My Generation,The Who,03:09,-,0
My Hero,Foo Fighters,02:07,-,0
My Life,Billy Joel,02:38,-,0
My Love,Paul McCartney & Wings,03:24,-,0
My Michelle,Guns N' Roses,02:11,-,0
My Own Worst Enemy,Lit,03:13,-,0
My Sharona,The Knack,02:23,-,0
My Sweet Lord,George Harrison,02:40,-,0
Mysterious Ways,U2,03:28,-,0
N.i.b.,Black Sabbath,02:09,-,0
Need You Tonight,INXS,02:43,-,0
Neon Knights,Black Sabbath,02:41,-,0
Never Been Any Reason,Head East,02:57,-,0
Never Going Back Again,Fleetwood Mac,02:37,-,0
New Kid In Town,Eagles,02:55,-,0
New World Man,Rush,02:43,-,0
New Year's Day,U2,02:15,-,0
New York State Of Mind,Billy Joel,02:03,-,0
NIGHT FLIGHT,Led Zeppelin,02:55,-,0
Night Moves,Bob Seger,02:36,-,0
Night Prowler,AC/DC,02:15,-,0
No Excuses,Alice In Chains,02:46,-,0
No Leaf Clover,Metallica,02:13,-,0
No Matter What,Badfinger,02:33,-,0
No More Mr. Nice Guy,Alice Cooper,02:46,-,0
No More No More,Aerosmith,02:21,-,0
No More Tears,Ozzy Osbourne,02:49,-,0
No No Song,Ringo Starr,02:29,-,0
No One Knows,Queens of the Stone Age,02:18,-,0
No One Like You,Scorpions,02:11,-,0
No One to Depend On,Santana,03:27,-,0
No One to Run With,Allman Brothers Band,03:15,-,0
No Quarter,Led Zeppelin,02:04,-,0
No Rain,Blind Melon,02:29,-,0
No Reply At All,Genesis,02:24,-,0
No Sleep Till Brooklyn,Beastie Boys,02:41,-,0
No Sugar Tonight / New Mother Nature,Guess Who,03:26,-,0
Nobody's Fool,Cinderella,02:17,-,0
Norwegian Wood,The Beatles,02:12,-,0
Not for You,Pearl Jam,02:06,-,0
Nothin' But A Good Time,Poison,02:16,-,0
Nothing Else Matters,Metallica,02:19,-,0
November Rain,Guns N' Roses,03:15,-,0
NOWHERE MAN,The Beatles,02:53,-,0
OH DARLING,The Beatles,02:56,-,0
Oh Sherrie,Steve Perry,02:34,-,0
Oh Well,Fleetwood Mac,02:25,-,0
Old Man,Neil Young,02:55,-,0
Old Time Rock & Roll,Bob Seger,02:35,-,0
On a Plain,Nirvana,02:11,-,0
On the Dark Side,John Cafferty,03:28,-,0
On the Road Again,Canned Heat,03:11,-,0
On The Turning Away,Pink Floyd,02:29,-,0
Once In A Lifetime,Talking Heads,02:20,-,0
One Headlight,The Wallflowers,02:06,-,0
One Love,Bob Marley,03:24,-,0
One Of These Days,Pink Floyd,02:15,-,0
One of These Nights,Eagles,02:32,-,0
One Slip,Pink Floyd,02:41,-,0
One Thing Leads To Another,The Fixx,03:17,-,0
One Vision,Queen,03:30,-,0
One Way Or Another,Blondie,03:26,-,0
Only The Good Die Young,Billy Joel,03:27,-,0
Only the Young,Journey,03:00,-,0
Only Time Will Tell,Asia,03:06,-,0
Ooh La La,Faces,02:33,-,0
Open Arms,Journey,03:09,-,0
Orange Crush,R.E.M.,02:27,-,0
Ordinary Average Guy,Joe Walsh,02:11,-,0
Out On The Tiles,Led Zeppelin,02:01,-,0
Over the Hills and Far Away,Led Zeppelin,02:15,-,0
Over the Mountain,Ozzy Osbourne,02:46,-,0
Owner of a Lonely Heart,Yes,02:35,-,0
Oye Como Va,Santana,03:02,-,0
P.s. I Love You,The Beatles,02:42,-,0
Paint It Black,Rolling Stones,02:04,-,0
Panama,Van Halen,03:30,-,0
Paper in Fire,John Mellencamp,02:58,-,0
Paperback Writer,The Beatles,02:25,-,0
Paradise By The Dashboard Light,Meat Loaf,02:55,-,0
Paradise City,Guns N' Roses,03:14,-,0
Paranoid,Black Sabbath,02:55,-,0
Patience,Guns N' Roses,02:26,-,0
Peace Frog,The Doors,03:24,-,0
Peace of Mind,Boston,02:11,-,0
Peaceful Easy Feeling,Eagles,02:12,-,0
Pearl Necklace,ZZ Top,02:22,-,0
Peg,Steely Dan,02:28,-,0
Penny Lane,The Beatles,02:35,-,0
People Are Strange,The Doors,02:29,-,0
Perry Mason,Ozzy Osbourne,02:29,-,0
Persephone,Wishbone Ash,02:55,-,0
Piano Man,Billy Joel,02:54,-,0
Piece of My Heart,Janis Joplin,02:07,-,0
Pinball Wizard,The Who,02:48,-,0
Pink,Aerosmith,03:28,-,0
Pink Cadillac,Bruce Springsteen,02:08,-,0
Pink Houses,John Mellencamp,02:12,-,0
PLAY THAT FUNKY MUSIC,Wild Cherry,02:17,-,0
Play the Game Tonight,Kansas,02:28,-,0
Please Please Me,The Beatles,02:12,-,0
Plush,Stone Temple Pilots,02:31,-,0
Point of Know Return,Kansas,02:18,-,0
Polly,Nirvana,02:12,-,0
Positively 4th Street,Bob Dylan,03:00,-,0
Poundcake,Van Halen,02:24,-,0
Pour Some Sugar On Me,Def Leppard,02:08,-,0
Powderfinger,Neil Young,02:55,-,0
Presence of the Lord,Blind Faith,02:58,-,0
Pretending,Eric Clapton,02:34,-,0
Pride (In the Name of Love),U2,02:40,-,0
Pride And Joy,Stevie Ray Vaughan,02:39,-,0
Proud Mary,Creedence Clearwater Revival,02:16,-,0
Prove It All Night,Bruce Springsteen,02:19,-,0
Psycho Killer,Talking Heads,03:15,-,0
Pulling Mussels,Squeeze,02:57,-,0
Pump It Up,Elvis Costello,02:58,-,0
Purple Haze,Jimi Hendrix,02:38,-,0
Put Your Lights On (feat. Everlast),Santana,03:11,-,0
Question,The Moody Blues,03:20,-,0
Questions 67 and 68,Chicago,03:25,-,0
R.O.C.K. In the U.S.A.,John Mellencamp,02:46,-,0
Racing in the Streets,Bruce Springsteen,03:24,-,0
Radar Love,Golden Earring,02:49,-,0
Rag Doll,Aerosmith,02:10,-,0
Rain On The Scarecrow,John Mellencamp,02:36,-,0
Ramble On,Led Zeppelin,02:42,-,0
Ramblin' Gamblin' Man,Bob Seger,02:30,-,0
Ramblin' Man,Allman Brothers Band,02:04,-,0
Reason to Believe,Rod Stewart,02:43,-,0
Rebel Rebel,David Bowie,02:43,-,0
Rebel Yell,Billy Idol,02:16,-,0
Red,Sammy Hagar,02:16,-,0
Red Barchetta,Rush,02:56,-,0
Red House,Jimi Hendrix,03:02,-,0
Red Rain,Peter Gabriel,03:04,-,0
Red Red Wine,UB40,02:29,-,0
Redneck Friend,Jackson Browne,02:14,-,0
Reelin' in the Years,Steely Dan,02:08,-,0
Refugee,Tom Petty & The Heartbreakers,02:23,-,0
Renegade,Styx,03:21,-,0
Reprise / Day in the Life,The Beatles,02:01,-,0
Revolution,The Beatles,02:34,-,0
Rhiannon,Fleetwood Mac,02:08,-,0
Ride My See Saw,The Moody Blues,03:29,-,0
Riders On The Storm,The Doors,02:09,-,0
Right Down the Line,Gerry Rafferty,02:58,-,0
Right Here Right Now,Jesus Jones,03:06,-,0
Right Now,Van Halen,03:24,-,0
Right Place Wrong Time,Dr. John,02:26,-,0
Rikki Don't Lose That Number,Steely Dan,03:07,-,0
Rio,Duran Duran,02:42,-,0
Road To Nowhere,Ozzy Osbourne,02:36,-,0
Roadhouse Blues,The Doors,03:23,-,0
Roadrunner,Jonathan Richman,02:46,-,0
Rock & Roll Band,Boston,02:03,-,0
Rock and Roll,Led Zeppelin,03:26,-,0
Rock and Roll Ain't Noise Pollution,AC/DC,02:38,-,0
Rock And Roll All Nite,Kiss,03:04,-,0
Rock And Roll Never Forgets,Bob Seger,03:28,-,0
Rock Around the Clock,Bill Haley,02:16,-,0
Rock Candy,Montrose,02:41,-,0
Rock Me Tonight,Billy Squier,02:50,-,0
Rock 'N Me,Steve Miller Band,03:03,-,0
Rock of Ages,Def Leppard,02:30,-,0
Rock On,David Essex,02:40,-,0
Rock The Casbah,The Clash,02:35,-,0
Rock You Like a Hurricane,Scorpions,02:51,-,0
Rocket,Def Leppard,02:04,-,0
Rocket Man,Elton John,02:33,-,0
Rockin' Down The Highway,The Doobie Brothers,03:28,-,0
Rockin' In the Free World,Neil Young,02:16,-,0
Rockin' Into the Night,.38 Special,02:46,-,0
Rockstar,Nickelback,02:40,-,0
Rocky Mountain Way,Joe Walsh,02:07,-,0
Rocky Raccoon,The Beatles,03:22,-,0
Roll With It,Steve Winwood,02:34,-,0
Romeo And Juliet,Dire Straits,02:02,-,0
Rooster,Alice In Chains,02:34,-,0
Rosalita (Come Out Tonight),Bruce Springsteen,02:35,-,0
Rough Boys,Pete Townshend,03:22,-,0
Round and Round,Ratt,02:54,-,0
Roundabout,Yes,02:16,-,0
Roxanne,The Police,02:04,-,0
Royal Orleans,Led Zeppelin,02:21,-,0
Run Like Hell,Pink Floyd,03:10,-,0
Run Through the Jungle,Creedence Clearwater Revival,03:26,-,0
Run To The Hills,Iron Maiden,02:14,-,0
Run to You,Bryan Adams,02:37,-,0
Runaway,Bon Jovi,02:09,-,0
Runnin' Down a Dream,Tom Petty & The Heartbreakers,02:15,-,0
Runnin' with the Devil,Van Halen,03:29,-,0
Running On Empty,Jackson Browne,03:00,-,0
Sad But True,Metallica,02:39,-,0
Same Ol' Situation,Motley Crue,02:44,-,0
Same Old Song and Dance,Aerosmith,03:19,-,0
San Franciscan Nights,The Animals,02:47,-,0
Santa Monica,Everclear,02:39,-,0
Sara,Fleetwood Mac,02:01,-,0
Saturday In the Park,Chicago,03:25,-,0
Saturday Night Special,Lynyrd Skynyrd,02:32,-,0
Saturday Night's Alright for Fighting,Elton John,02:02,-,0
Saved By Zero,The Fixx,03:24,-,0
Scar Tissue,Red Hot Chili Peppers,02:00,-,0
Scenes From An Italian Restaurant,Billy Joel,03:17,-,0
School's Out,Alice Cooper,02:06,-,0
Scuttle Buttin',Stevie Ray Vaughan,03:00,-,0
Seagull,Bad Company,02:19,-,0
Season of the Witch,Donovan,02:40,-,0
Seasons of Wither,Aerosmith,02:19,-,0
Second Hand News,Fleetwood Mac,03:10,-,0
See Emily Play,Pink Floyd,02:46,-,0
Seek & Destroy,Metallica,03:14,-,0
Self Esteem,The Offspring,02:15,-,0
Semi-Charmed Life,Third Eye Blind,02:57,-,0
Send Her My Love,Journey,03:16,-,0
Separate Ways (Worlds Apart),Journey,03:29,-,0
Set The Controls For The Heart Of The Sun,Pink Floyd,02:59,-,0
Seven Bridges Road,Eagles,02:49,-,0
Seven Nation Army,The White Stripes,02:58,-,0
Sex On Fire,Kings of Leon,03:20,-,0
Sgt. Pepper Inner Groove,The Beatles,03:16,-,0
Sgt. Pepper/a Day In The Life,The Beatles,02:32,-,0
Sgt. Pepper/with A Little Help From My Friends,The Beatles,02:00,-,0
Sgt. Pepper's Lonely Hearts Club Band,The Beatles,02:35,-,0
Sgt. Pepper's Lonely Hearts Club Band (Reprise),The Beatles,03:29,-,0
Shadows Of The Night,Pat Benatar,03:22,-,0
Shake It Up,The Cars,02:25,-,0
Sharp Dressed Man,ZZ Top,02:22,-,0
Shattered,Rolling Stones,02:58,-,0
She Loves You,The Beatles,02:34,-,0
She Talks To Angels,The Black Crowes,02:42,-,0
She's a Beauty,The Tubes,02:40,-,0
She's a Rainbow,Rolling Stones,03:05,-,0
SHE'S A WOMAN,The Beatles,03:01,-,0
SHE'S ALWAYS A WOMAN,Billy Joel,02:52,-,0
She's Leaving Home,The Beatles,02:25,-,0
She's The One,Bruce Springsteen,02:01,-,0
She's Waiting,Eric Clapton,02:49,-,0
Shine,Collective Soul,02:58,-,0
Shine On You Crazy Diamond,Pink Floyd,03:06,-,0
Shinin' On,Grand Funk Railroad,03:14,-,0
SHOCK THE MONKEY,Peter Gabriel,02:16,-,0
Shooting Star,Bad Company,02:32,-,0
Shot Down In Flames,AC/DC,03:15,-,0
Shot in the Dark,Ozzy Osbourne,02:32,-,0
Should I Stay Or Should,The Clash,03:10,-,0
Shout,Tears for Fears,03:01,-,0
Shout at the Devil,Motley Crue,03:21,-,0
Show Don't Tell,Rush,02:55,-,0
Show Me the Way,Peter Frampton,02:36,-,0
Signs,Five Man Electrical Band,03:11,-,0
Silent Lucidity,Queensryche,02:31,-,0
Silly Love Songs,Paul McCartney & Wings,02:36,-,0
Simple Man,Lynyrd Skynyrd,02:44,-,0
Simply Irresistible,Robert Palmer,03:15,-,0
Since I've Been Loving You,Led Zeppelin,02:39,-,0
Since You Been Gone,Rainbow,02:07,-,0
Sirens,Pearl Jam,02:47,-,0
Sister Christian,Night Ranger,03:07,-,0
Sister Golden Hair,America,02:25,-,0
Sledgehammer,Peter Gabriel,02:22,-,0
Slide It In,Whitesnake,03:19,-,0
Slow Ride,Foghat,03:27,-,0
Small Town,John Mellencamp,03:09,-,0
Smells Like Teen Spirit,Nirvana,03:04,-,0
Smoke On The Water,Deep Purple,02:19,-,0
Smokin',Boston,03:29,-,0
Smooth,Santana,03:16,-,0
Smuggler's Blues,Glenn Frey,02:04,-,0
So Far Away,Dire Straits,03:22,-,0
So Into You,Atlanta Rhythm Section,02:16,-,0
So Lonely,The Police,03:03,-,0
Solsbury Hill,Peter Gabriel,02:17,-,0
Some Kind of Wonderful,Grand Funk Railroad,03:14,-,0
Some Like It Hot,The Power Station,02:30,-,0
Somebody,Bryan Adams,02:27,-,0
Somebody Save Me,Cinderella,02:29,-,0
Somebody's Baby,Jackson Browne,02:35,-,0
Someone Saved My Life Tonight,Elton John,02:55,-,0
Something,The Beatles,02:11,-,0
Something In the Air,Thunderclap Newman,03:08,-,0
Something To Believe In,Poison,02:33,-,0
Sometimes A Fantasy,Billy Joel,02:28,-,0
Son of a Son of a Sailor,Jimmy Buffett,03:07,-,0
Song 2,Blur,02:51,-,0
Sorry,Buckcherry,03:26,-,0
SOUL MAN,Sam & Dave,03:23,-,0
Soul Sacrifice,Santana,02:36,-,0
Soul to Squeeze,Red Hot Chili Peppers,02:09,-,0
South Bound Saurez,Led Zeppelin,02:54,-,0
Southern Man,Neil Young,02:14,-,0
Space Oddity,David Bowie,02:22,-,0
Space Station #5,Montrose,02:59,-,0
Speak to Me/Breathe,Pink Floyd,02:29,-,0
Spill the Wine,War,03:29,-,0
Spirit In The Night,Bruce Springsteen,02:58,-,0
Spirit In The Sky,Norman Greenbaum,02:14,-,0
Spirits In The Material World,The Police,02:09,-,0
Spoonman,Soundgarden,03:06,-,0
Squeeze Box,The Who,02:48,-,0
Stairway to Heaven,Led Zeppelin,03:08,-,0
Stand,R.E.M.,03:28,-,0
Stand Back,Stevie Nicks,02:03,-,0
Starman,David Bowie,02:52,-,0
Starship Trooper,Yes,03:12,-,0
Start Me Up,Rolling Stones,02:05,-,0
Statesboro Blues,Allman Brothers Band,03:10,-,0
Stay With Me,Faces,03:02,-,0
Stealin',Uriah Heep,02:54,-,0
Still Loving You,Scorpions,02:10,-,0
STILL THE ONE,Orleans,03:23,-,0
Still the Same,Bob Seger,03:19,-,0
Stone Cold,Rainbow,03:14,-,0
Stone Free,Jimi Hendrix,02:21,-,0
Straight On,Heart,03:29,-,0
Strange Magic,Electric Light Orchestra,03:18,-,0
Stranglehold,Ted Nugent,02:01,-,0
Strawberry Fields Forever,The Beatles,03:09,-,0
Street Fighting Man,Rolling Stones,02:17,-,0
Strutter,Kiss,02:38,-,0
Stuck In the Middle With You,Stealers Wheel,02:16,-,0
Subdivisions,Rush,02:59,-,0
Substitute,The Who,02:49,-,0
Subterranean Homesick Blues,Bob Dylan,03:09,-,0
Suffragette City,David Bowie,02:51,-,0
Sugar Magnolia,Grateful Dead,02:24,-,0
Sugar Mountain,Neil Young,03:10,-,0
Suite Madame Blue,Styx,02:24,-,0
Sultans of Swing,Dire Straits,02:52,-,0
Summer In the City,The Lovin' Spoonful,02:05,-,0
Summer Nights,Van Halen,03:27,-,0
Summer Of '69,Bryan Adams,03:23,-,0
Sun King,The Beatles,03:20,-,0
Sunday Bloody Sunday,U2,02:41,-,0
Sundown,Gordon Lightfoot,02:11,-,0
Sunny Afternoon,The Kinks,02:36,-,0
Sunset Grill,Don Henley,02:13,-,0
Sunshine of Your Love,Cream,02:57,-,0
Sunshine Superman,Donovan,02:54,-,0
Superstition,Stevie Wonder,02:41,-,0
Surrender,Cheap Trick,02:32,-,0
Suzie Q,Creedence Clearwater Revival,02:10,-,0
Sweet Child O' Mine,Guns N' Roses,03:09,-,0
Sweet Dreams (Are Made of This),Eurythmics,02:16,-,0
Sweet Emotion,Aerosmith,02:39,-,0
Sweet Hitch Hiker,Creedence Clearwater Revival,02:33,-,0
Sweet Home Alabama,Lynyrd Skynyrd,03:08,-,0
Sweet Jane (Live),Lou Reed,03:00,-,0
Sweet Leaf,Black Sabbath,02:50,-,0
Sweet Talkin' Woman,Electric Light Orchestra,03:16,-,0
Sweetest Thing,U2,03:06,-,0
Sympathy For The Devil,Rolling Stones,02:03,-,0
Synchronicity II,The Police,02:42,-,0
T.N.T.,AC/DC,02:54,-,0
Tainted Love,Soft Cell,03:25,-,0
Take It Back,Pink Floyd,02:48,-,0
Take It Easy,Eagles,03:13,-,0
Take It on the Run,REO Speedwagon,02:29,-,0
Take It to the Limit,Eagles,03:15,-,0
Take Me Home Tonight,Eddie Money,03:19,-,0
Take Me In Your Arms,The Doobie Brothers,02:14,-,0
Take On Me,a-ha,02:58,-,0
Take Out The Gunman,Chevelle,02:17,-,0
Take the Long Way Home,Supertramp,03:00,-,0
Take the Money and Run,Steve Miller Band,03:16,-,0
Takin' Care Of Business,Bachman-Turner Overdrive,03:11,-,0
Takin' It To The Streets,The Doobie Brothers,02:31,-,0
Tales Of Brave Ulysses,Cream,03:16,-,0
Talk Dirty To Me,Poison,02:16,-,0
TALK OF THE TOWN,The Pretenders,03:09,-,0
Talk To Ya Later,The Tubes,02:58,-,0
TALKING IN YOUR SLEEP,The Romantics,03:11,-,0
TANGERINE,Led Zeppelin,02:04,-,0
Tangled Up In Blue,Bob Dylan,02:32,-,0
Teacher,Jethro Tull,02:32,-,0
Tempted,Squeeze,02:10,-,0
Ten Years Gone,Led Zeppelin,02:28,-,0
Tenth Avenue Freeze-Out,Bruce Springsteen,03:09,-,0
Tequila Sunrise,Eagles,03:04,-,0
Test For Echo,Rush,02:06,-,0
Texas Flood,Stevie Ray Vaughan,03:28,-,0
Thank You,Led Zeppelin,03:08,-,0
That Smell,Lynyrd Skynyrd,03:23,-,0
That Was Yesterday,Foreigner,03:19,-,0
That's All,Genesis,03:06,-,0
That's the Way,Led Zeppelin,02:25,-,0
The Back Seat Of My Car,Paul McCartney & Linda McCartney,02:58,-,0
The Ballad Of Billy The Kid,Billy Joel,02:40,-,0
The Ballad Of Curtis Loew,Lynyrd Skynyrd,02:58,-,0
The Ballad Of John And Yoko,The Beatles,03:02,-,0
The Battle Of Evermore,Led Zeppelin,02:57,-,0
The Best of My Love,Eagles,03:08,-,0
THE BITCH IS BACK,Elton John,03:05,-,0
The Boys Are Back In Town,Thin Lizzy,02:33,-,0
The Boys Of Summer,Don Henley,03:18,-,0
The Break Up Song,Greg Kihn Band,02:28,-,0
The Chain,Fleetwood Mac,02:40,-,0
The Changeling,The Doors,03:18,-,0
The Cisco Kid,War,03:19,-,0
THE CONTINUING STORY OF BUNG,The Beatles,02:42,-,0
The Core,Eric Clapton,02:35,-,0
The Crunge,Led Zeppelin,03:16,-,0
The Crystal Ship,The Doors,03:01,-,0
The Devil Went Down To Georgia,Charlie Daniels Band,02:37,-,0
The Dogs Of War,Pink Floyd,03:07,-,0
The Final Countdown,Europe,03:07,-,0
The First Cut Is The Deepest,Rod Stewart,02:52,-,0
The Fool On The Hill,The Beatles,02:55,-,0
The Grand Illusion,Styx,03:14,-,0
The Great Gig In the Sky,Pink Floyd,03:29,-,0
The Happiest Days Of Our Lives/another Brick In The Wall,Pink Floyd,02:26,-,0
The Heart of the Matter,Don Henley,02:40,-,0
The House Is Rockin',Stevie Ray Vaughan,03:23,-,0
The Joker,Steve Miller Band,02:47,-,0
The Kid Is Hot Tonite,Loverboy,02:02,-,0
The Kids Are Alright,The Who,03:18,-,0
The Kids Aren't Alright,The Offspring,02:25,-,0
The Lamb Lies Down On Broadway,Genesis,03:10,-,0
THE LAST TIME,Rolling Stones,03:20,-,0
The Lemon Song,Led Zeppelin,03:01,-,0
The Load-out/stay,Jackson Browne,03:08,-,0
The Long And Winding Road,The Beatles,02:30,-,0
The Long Run,Eagles,02:49,-,0
The Memory Remains,Metallica,03:11,-,0
The Needle and the Damage Done,Neil Young,02:04,-,0
The Night They Drove Old Dixie Down,The Band,02:25,-,0
The Number Of The Beast,Iron Maiden,02:45,-,0
The Ocean,Led Zeppelin,02:10,-,0
The Old Man Down The Road,John Fogerty,02:29,-,0
The One I Love,R.E.M.,02:10,-,0
The Passenger,Iggy Pop,03:07,-,0
The Pretender,Foo Fighters,02:47,-,0
The Rain Song,Led Zeppelin,03:23,-,0
The Real Me,The Who,02:17,-,0
The Ripper,Judas Priest,02:34,-,0
The Road and the Sky,Jackson Browne,02:19,-,0
The Rover,Led Zeppelin,02:56,-,0
THE SEEKER,The Who,02:01,-,0
THE SONG IS OVER,The Who,02:54,-,0
The Song Remains the Same,Led Zeppelin,03:27,-,0
The Sounds Of Silence,Simon & Garfunkel,02:32,-,0
The South's Gonna Do It Again,Charlie Daniels Band,03:28,-,0
THE SPIDER AND THE FLY,Rolling Stones,02:22,-,0
The Spirit of Radio,Rush,03:07,-,0
The Story In Your Eyes,The Moody Blues,02:07,-,0
The Stranger,Billy Joel,02:10,-,0
The Stroke,Billy Squier,02:51,-,0
The Trees,Rush,03:24,-,0
The Trooper,Iron Maiden,03:02,-,0
The Unforgiven,Metallica,02:02,-,0
The Waiting,Tom Petty & The Heartbreakers,02:34,-,0
THE WANTON SONG,Led Zeppelin,03:15,-,0
The Warrior,Scandal,03:16,-,0
The Way It Is,Bruce Hornsby & The Range,02:28,-,0
The Weight,The Band,02:31,-,0
The Wind Cries Mary,Jimi Hendrix,02:43,-,0
The Wizard,Uriah Heep,02:10,-,0
The Word,The Beatles,02:57,-,0
The World I Know,Collective Soul,02:24,-,0
The Zoo,Scorpions,02:34,-,0
Them Bones,Alice In Chains,02:28,-,0
There's Only One Way to Rock,Sammy Hagar,02:06,-,0
THESE ARE THE DAYS OF OUR LI,Queen,02:33,-,0
These Days,Foo Fighters,02:10,-,0
THESE EYES,Guess Who,02:11,-,0
Things We Said Today,The Beatles,02:52,-,0
Third Stone From The Sun,Jimi Hendrix,02:58,-,0
Those Shoes,Eagles,03:12,-,0
Thunder Island,Jay Ferguson,02:53,-,0
Thunder Road,Bruce Springsteen,02:49,-,0
Thunderstruck,AC/DC,02:41,-,0
Ticket to Ride,The Beatles,02:35,-,0
Tie Your Mother Down,Queen,02:45,-,0
Time,Pink Floyd,02:02,-,0
TIME IN A BOTTLE,Jim Croce,02:43,-,0
Time of the Season,Zombies,02:12,-,0
Time Stand Still (live),Rush,03:16,-,0
Time Waits for No One,Rolling Stones,03:24,-,0
Time/Gig in The Sky,Pink Floyd,02:36,-,0
Times Like These,Foo Fighters,03:22,-,0
Tiny Dancer,Elton John,02:14,-,0
Tired of Waiting,The Kinks,03:12,-,0
To Hell With the Devil,Stryper,02:12,-,0
Today,Smashing Pumpkins,03:08,-,0
Tom Sawyer,Rush,03:18,-,0
Tonight Tonight (live),Genesis,02:32,-,0
Tonight's the Night (Gonna Be Alright),Rod Stewart,03:01,-,0
Too Many People,Paul McCartney & Linda McCartney,02:50,-,0
Too Much Time On My Hands,Styx,02:18,-,0
Touch Me,The Doors,02:39,-,0
Touch of Grey,Grateful Dead,02:57,-,0
Touch Too Much,AC/DC,02:14,-,0
Toys in the Attic,Aerosmith,02:32,-,0
Train In Vain,The Clash,02:47,-,0
Train Kept A-Rollin',Aerosmith,03:20,-,0
Trampled Under Foot,Led Zeppelin,02:19,-,0
Trans Am (Highway Wonderland),Sammy Hagar,02:52,-,0
Travelin' Band,Creedence Clearwater Revival,02:17,-,0
Traveling Riverside Blues,Led Zeppelin,02:06,-,0
Truckin',Grateful Dead,03:05,-,0
Tube Snake Boogie,ZZ Top,02:41,-,0
Tuesday's Gone,Lynyrd Skynyrd,02:41,-,0
Tumbling Dice,Rolling Stones,03:26,-,0
Turn It On Again,Genesis,03:00,-,0
Turn Me Loose,Loverboy,03:25,-,0
Turn The Page,Bob Seger,02:32,-,0
Turn To Stone,Electric Light Orchestra,03:30,-,0
Turn Up the Radio,Autograph,02:34,-,0
Tush,ZZ Top,03:09,-,0
Tusk,Fleetwood Mac,03:22,-,0
TV Dinners,ZZ Top,02:46,-,0
Twentieth Century Fox,The Doors,02:53,-,0
Twice As Hard,The Black Crowes,03:18,-,0
Twilight Zone,Golden Earring,02:16,-,0
Twist and Shout,The Beatles,02:28,-,0
Two Of Us,The Beatles,02:55,-,0
TWO OUT OF THREE AIN'T BAD,Meat Loaf,02:29,-,0
Two Princes,Spin Doctors,02:45,-,0
Unchained,Van Halen,02:48,-,0
Uncle John's Band,Grateful Dead,02:09,-,0
Under My Thumb,Rolling Stones,02:40,-,0
Under My Wheels,Alice Cooper,03:07,-,0
Under the Bridge,Red Hot Chili Peppers,02:03,-,0
UNDERCOVER OF THE NIGHT,Rolling Stones,02:11,-,0
Uneasy Rider,Charlie Daniels Band,02:42,-,0
Until It Sleeps,Metallica,02:50,-,0
Up Around the Bend,Creedence Clearwater Revival,02:23,-,0
Up On Cripple Creek,The Band,03:12,-,0
Urgent,Foreigner,02:23,-,0
Us and Them,Pink Floyd,03:07,-,0
Use Somebody,Kings of Leon,02:41,-,0
Used To Love Her,Guns N' Roses,02:11,-,0
Vasoline,Stone Temple Pilots,02:32,-,0
Ventura Highway,America,03:26,-,0
Venus and Mars/Rock Show,Paul McCartney & Wings,03:23,-,0
Veronica,Elvis Costello,02:20,-,0
Vertigo,U2,02:21,-,0
Victim of Love,Eagles,02:17,-,0
Voices,Russ Ballard,02:17,-,0
Voodoo Child (Slight Return),Jimi Hendrix,02:18,-,0
WAITIN' FOR THE BUS/JESUS JUST LEFT CHICAGO,ZZ Top,03:26,-,0
Waiting for a Girl Like You,Foreigner,02:19,-,0
Waiting For The Sun,The Doors,03:13,-,0
Waiting on a Friend,Rolling Stones,03:19,-,0
Walk of Life,Dire Straits,02:22,-,0
Walk On The Wild Side,Lou Reed,03:04,-,0
Walk This Way,Aerosmith,02:47,-,0
Walking On The Moon,The Police,03:30,-,0
Wanted Dead or Alive,Bon Jovi,02:15,-,0
War Pigs,Black Sabbath,02:12,-,0
Wasted Years,Iron Maiden,02:50,-,0
Watching the Wheels,John Lennon,02:25,-,0
Waterloo Sunset,The Kinks,03:27,-,0
We Are the Champions,Queen,02:46,-,0
We Belong,Pat Benatar,02:52,-,0
We Built This City,Jefferson Starship,02:16,-,0
We Can Work It Out,The Beatles,02:57,-,0
We Gotta Get You a Woman,Todd Rundgren,03:23,-,0
We Just Disagree,Dave Mason,02:03,-,0
We Will Rock You,Queen,02:35,-,0
We Will Rock You/We Are The Champions,Queen,02:18,-,0
Welcome To My Nightmare,Alice Cooper,02:39,-,0
Welcome To The Boomtown,David & David,03:26,-,0
Welcome to the Jungle,Guns N' Roses,02:36,-,0
Welcome To The Machine,Pink Floyd,02:18,-,0
We're an American Band,Grand Funk Railroad,02:40,-,0
Werewolves of London,Warren Zevon,02:58,-,0
We've Got Tonite,Bob Seger,02:46,-,0
What a Fool Believes,The Doobie Brothers,02:58,-,0
What I Got,Sublime,03:02,-,0
What I Like About You,The Romantics,02:42,-,0
What Is and What Should Never Be,Led Zeppelin,02:56,-,0
What It Takes,Aerosmith,02:02,-,0
What It's Like,Everlast,03:30,-,0
What You Need,INXS,03:05,-,0
What's Up?,4 Non Blondes,02:46,-,0
What's Your Name,Lynyrd Skynyrd,02:02,-,0
Wheel in the Sky,Journey,02:41,-,0
When I Come Around,Green Day,03:22,-,0
When I See You Smile,Bad English,02:07,-,0
When I'm 64,The Beatles,02:28,-,0
When I'm Gone,3 Doors Down,02:31,-,0
When It's Love,Van Halen,02:25,-,0
When Love Comes to Town,U2,02:25,-,0
When The Levee Breaks,Led Zeppelin,03:11,-,0
When the Music's Over,The Doors,02:01,-,0
When You Close Your Eyes,Night Ranger,03:29,-,0
Where Have All the Good Times Gone!,Van Halen,03:05,-,0
Where the Streets Have No Name,U2,02:20,-,0
Where To Now St. Peter,Elton John,02:27,-,0
Wherever I May Roam,Metallica,02:16,-,0
While My Guitar Gently Weeps,The Beatles,03:07,-,0
While You See a Chance,Steve Winwood,03:13,-,0
White Rabbit,Jefferson Airplane,03:20,-,0
White Room,Cream,03:14,-,0
White Wedding,Billy Idol,02:03,-,0
Who Are You,The Who,02:22,-,0
Who Can It Be Now?,Men At Work,02:39,-,0
Who Made Who,AC/DC,02:11,-,0
Whole Lotta Love,Led Zeppelin,02:14,-,0
Whole Lotta Rosie,AC/DC,03:11,-,0
Who'll Stop the Rain,Creedence Clearwater Revival,02:41,-,0
Who's Crying Now,Journey,02:11,-,0
Why Can't This Be Love,Van Halen,03:26,-,0
Why Can't We Be Friends,War,02:55,-,0
Why Don't We Get Drunk,Jimmy Buffett,02:28,-,0
Wild Honey Pie,The Beatles,02:02,-,0
Wild Horses,Rolling Stones,02:41,-,0
Wild Night,Van Morrison,03:15,-,0
Wild Side,Motley Crue,02:36,-,0
Wild Wild Life,Talking Heads,02:18,-,0
WILD WORLD,Cat Stevens,02:08,-,0
Wind Of Change,Scorpions,02:03,-,0
Wish You Were Here,Pink Floyd,03:28,-,0
Wishing Well,Free,02:35,-,0
Witchy Woman,Eagles,03:07,-,0
With Arms Wide Open,Creed,02:18,-,0
With Or Without You,U2,02:23,-,0
Woman,John Lennon,02:36,-,0
Wonderful Tonight,Eric Clapton,02:37,-,0
Wonderwall,Oasis,02:21,-,0
Won't Get Fooled Again,The Who,03:24,-,0
Working for the Weekend,Loverboy,02:02,-,0
Working Man,Rush,02:21,-,0
Would?,Alice In Chains,03:21,-,0
Wrapped Around Your Finger,The Police,02:07,-,0
Wrong Way,Sublime,02:50,-,0
Yankee Rose,David Lee Roth,02:37,-,0
Yellow Ledbetter,Pearl Jam,03:15,-,0
Yellow Submarine,The Beatles,03:21,-,0
Yesterday,The Beatles,02:18,-,0
You Ain't Seen Nothin' Yet,Bachman-Turner Overdrive,02:23,-,0
You Belong to the City,Glenn Frey,02:57,-,0
You Better Run,Pat Benatar,03:20,-,0
You Better You Bet,The Who,02:18,-,0
You Can Call Me Al,Paul Simon,03:11,-,0
You Can't Always Get What You Want,Rolling Stones,02:50,-,0
You Don't Know How It Feels,Tom Petty & The Heartbreakers,02:32,-,0
You Give Love A Bad N